,SPX,DAX,WIG20,EURUSD
2010-01-06,0.11224377578900721,-0.08822833142216005,0.4167766305613382,0.3633831333307351
2010-01-07,0.39533244050947186,-0.21681492003165703,-1.4331406272620977,-0.6801973229931457
2010-01-08,0.2692685806437372,0.08106821140500894,0.03472933357290467,0.7691555020170409
2010-01-11,0.2014968380314911,0.07851454065798213,1.3428778173987361,0.7617552703164164
2010-01-12,-0.8563494120238784,-1.5527514991735791,-0.9515693931756006,-0.1794249836245251
2010-01-13,0.7810691149560609,0.43077435387866164,0.461406134764299,-0.002494560937910159
2010-01-14,0.33973148652148955,0.2542292550869203,-0.3535462101451295,0.10079507880053323
2010-01-15,-1.1497255474774688,-1.932928174760095,-0.37810584314410567,-0.7728487960996426
2010-01-20,-1.130227887100737,-2.065167490482069,0.13683469819692765,-1.2999975910205037
2010-01-21,-1.9673447427835362,-1.8301891823640526,-0.621327251791058,-0.11317485272231491
2010-01-22,-2.454566335382216,-0.5599995896971053,-2.261473810225705,0.13132639700337492
2010-01-25,0.02910851214569732,-0.5953538431799178,0.7874294022591443,-0.3085669831904825
2010-01-26,-0.18927562210300528,0.4714424564036178,-1.3639127082648066,-0.3484611876023518
2010-01-27,0.1907015028427042,-0.35719187005171543,-0.4811008654713128,-0.4183094379650521
2010-01-28,-1.1086115647644492,-2.048479386158163,-0.5789289835692761,-0.3954357356846798
2010-01-29,-1.0655218209309167,1.3363118756821868,0.9878662256493964,-0.7718592664997576
2010-02-01,0.9715749215617344,1.1163437817130155,-0.36929132333504855,0.302798989773182
2010-02-02,1.4359464833758484,0.7074107524751377,0.19724003399701862,0.3843094134564953
2010-02-03,-0.4302889650816805,-0.8865780686391522,0.24332298239146694,-0.3979702975947351
2010-02-04,-3.251214651324052,-2.433920663577665,-4.047283564586736,-1.2047889285152713
2010-02-05,-0.26972255702296055,-1.3524051773158585,-3.6234492059662786,-0.7216899383037361
2010-02-08,-0.7695877313441547,0.5982045880967327,-0.6621987244150505,-0.0005163518733435624
2010-02-09,0.9197514081939187,0.5437578759115709,1.056932533446937,0.7819211620324727
2010-02-10,0.06186380355800691,0.4941090009743725,0.215002863019038,-0.29956888465695697
2010-02-11,0.760499893780525,-0.5074003555887467,-1.7161799530970394,-0.3875423144137465
2010-02-12,-0.11850702441398336,-0.4345966247764538,1.6551159158554036,-0.22326442130463692
2010-02-17,0.36430365500750356,1.0575218703197247,2.08828842295566,-1.1636565128418161
2010-02-18,0.5349009590176212,0.43780048357868945,-1.2219570790706538,-0.7002484430106234
2010-02-19,0.1308006100915313,0.49189074271587097,-0.1675651630904022,1.0088950146035585
2010-02-22,-0.14217653914766162,-0.48102964853186225,0.8241701180338645,-0.16991036143249572
2010-02-23,-1.1789054353830526,-1.5051897286643634,-1.1402850047913435,-0.61519209583916
2010-02-24,0.8025784145943059,0.3223937374944523,-0.16109126307088945,0.09715599940529984
2010-02-25,-0.07657732108316417,-1.7144191310315633,-1.7559308868718273,0.1394724556759769
2010-02-26,0.21839178064393272,1.103140339792444,2.871715879383177,0.7167992431851099
2010-03-01,0.9718394072456701,2.225355987162464,1.2962517214006752,-0.550449714515397
2010-03-02,0.11070288905391648,0.9622122919664274,2.580509211605396,0.36392551971748444
2010-03-03,-0.006395078058090031,0.819720227213651,0.6290483941836205,0.5978946287743153
2010-03-04,0.2983340595143642,-0.2560499748429793,0.2781798509951231,-0.9382593643214077
2010-03-05,1.4255518613942206,1.1856326110013253,1.117308266028156,0.4805417260249133
2010-03-08,0.08848242573236743,-0.22142875622386757,0.6030329866250493,0.1511429717465319
2010-03-09,0.15315876195477238,0.19231680434128767,-0.4455494581662691,-0.1962635493877675
2010-03-10,0.3906468846388305,0.803259314892404,0.7598038678066691,0.41480397161726423
2010-03-11,0.3852033138923051,-0.12393435587951214,-0.33689866648452754,0.14335702395683775
2010-03-12,0.038002644554858,0.17499978090339727,0.44422340698797125,0.7196943577598789
2010-03-15,0.024024459023870248,-0.5825545934074183,-0.8718644175115265,-0.7698405831212467
2010-03-16,0.7617863565487487,0.9772232275189648,2.1137948204367256,0.7458351124982742
2010-03-17,0.6526762204056108,0.8889020149654933,0.8928938277788414,-0.16596618296220517
2010-03-18,-0.06792358884237462,-0.28444355835085616,-0.8067887102574506,-0.8875800907789971
2010-03-19,-0.6244520596041265,-0.6211936269627891,-0.1476435869060101,-0.520790703750012
2010-03-22,0.38486252956082995,0.11785855065463657,-0.026584946579168767,0.19036308339662503
2010-03-23,0.7759406970294309,0.39380106664624825,0.6805475519150809,-0.4377282515126937
2010-03-24,-0.527602645492882,0.1703021700908186,-0.47851461503802606,-1.0862257700208828
2010-03-25,-0.47815718290869286,1.5816254511442507,2.233411672280642,-0.46610774656919673
2010-03-26,-0.1888037302733302,-0.04745126463754451,0.35467812601253296,0.9332415721179779
2010-03-29,0.6445189828751828,0.6857855691985759,-0.42731272941960885,0.4315383216270379
2010-03-30,0.016829760878624034,-0.2823084416985587,0.7684071940338921,-0.4074066848363196
2010-03-31,-0.33952436438782296,0.13193427974751817,-0.35108571829481433,0.7012370802829297
2010-04-01,0.6377010571338001,1.500717613621961,2.3591686517882224,0.4340844142028915
2010-04-07,-0.5550438027568869,-0.46084566177535446,-0.45561122902254914,-0.4003309787874783
2010-04-08,0.19484138051244912,-0.7465102089668703,-1.4120360093339253,0.08618478411006443
2010-04-09,0.7713038276675115,1.0932474041515277,1.0427297900054577,1.1379915153924027
2010-04-12,0.20913680785416527,0.08585870895709473,1.0109707587676109,0.5979503178523534
2010-04-13,0.1375897716208782,-0.26952155452728005,0.387225780874976,0.19541772715016623
2010-04-14,1.1524100324521422,0.7517783194941209,0.6703470207308073,0.2688153579400633
2010-04-15,0.20212005619313606,0.01718802015855092,-0.27075355777847937,-0.39795704650581143
2010-04-16,-1.7216701327133084,-1.8344130170384172,-0.18881624830986715,-0.5466748604796927
2010-04-19,0.2764303072737973,-0.07058817499568373,-2.0775298876807704,-0.22557742871108324
2010-04-20,0.8159918065325301,1.4498666120366044,1.1694855179690942,-0.2819466774658944
2010-04-21,-0.19301274627803472,-0.636132498874567,-0.8406371575218283,-0.34785990697091507
2010-04-22,0.18184752011132488,-1.0674017859644516,-2.491595361203986,-0.7184209238267898
2010-04-23,0.7238531769470028,1.19898626598158,1.0363734234716082,0.8660525264587249
2010-04-26,-0.4412817583301653,1.1912975559583898,2.5097206073343274,0.03335317244693729
2010-04-27,-2.578247836326468,-2.5003990219955736,-1.2549432093749158,-1.900462718576589
2010-04-28,0.32895548573640543,-1.0384299165567656,-1.6287970054607304,0.2235842287907374
2010-04-29,1.514476727310716,0.7302555637658144,1.583728004761407,0.4236535345154332
2010-04-30,-1.5162721178141803,-0.346490949210836,0.4280027227366322,0.534732796853689
2010-05-05,-0.9831131328111271,-0.3111726253623439,-1.1187187711689055,-1.5173645944949645
2010-05-06,-3.487308420851664,-0.890230775639919,-0.6179490974858156,-1.4985128235278065
2010-05-07,-2.2717314562725512,-2.6844997823776824,-1.798634061913122,0.5214855665979498
2010-05-10,4.402968909305349,5.37885048708104,5.034224686450342,0.15079946329622032
2010-05-11,-0.04636714622771054,-0.28419361231165696,-0.891278758881218,-0.787128914101756
2010-05-12,1.0995831678900967,2.361313190936744,1.1958323481063744,-0.030274652140502508
2010-05-13,-1.289431026292563,0.9497501244770923,-0.44580813165332994,-0.776341752207933
2010-05-14,-2.4221180929244297,-2.8523889094511126,-2.405073113402175,-1.5613428875331488
2010-05-17,-0.05659952592796147,0.22841360577869418,1.09265501545911,0.28028693022499857
2010-05-18,-1.417414458657167,1.5008973334004194,0.8245812853177698,-1.8565270964535312
2010-05-19,-1.1654105049283956,-2.441855821880543,-2.52868566120012,1.8148354084240599
2010-05-20,-3.684926112843839,-1.9378920075614139,-3.2691579589736732,0.26381249871425766
2010-05-21,0.8521007917802057,0.24198507842600592,1.6155424052422636,0.18518763745199063
2010-05-24,-0.8517808613897112,-0.7460895671911965,0.4260562460275934,-1.5643482704978524
2010-05-25,-0.323148105536615,-2.236220342045419,-2.0633482538044228,0.14212690159398728
2010-05-26,-0.32975316425745727,1.3260343561591008,4.0590701170446355,-1.6016882974124238
2010-05-27,2.8705052153780266,3.2225743692905304,1.5401886119609705,1.5569125937166044
2010-05-28,-0.9089945601750471,-0.2635091752645403,0.9128357776806296,-0.444101526638747
2010-06-02,2.2246028003897447,0.29575433012714997,1.0535274005156543,0.1344468680694345
2010-06-07,-0.8375071142297826,-1.209242737217374,-1.5688068511949,0.03565350370726361
2010-06-08,0.7901695035969982,-0.35397191225018687,0.08490625823073084,0.19121483713493775
2010-06-09,-0.3040157988095122,1.6624579755251832,0.38625625682221054,0.372380490365682
2010-06-10,2.500140461229972,1.5517402563306684,2.0085905317547907,0.7719845180323739
2010-06-11,0.9495333947718116,-0.6806776852543445,-0.569628847213048,0.3829249262013869
2010-06-14,-0.11325463984941316,1.1447722195391525,0.9897718756342717,0.9235079334734126
2010-06-15,2.158335735509028,1.0864525854295122,-0.5814692653285548,0.7141706169210339
2010-06-16,0.3045831168960295,-0.20716292702467504,-0.5472313608796995,0.0863745479138543
2010-06-17,0.023822476529380174,0.5455165733585462,-1.2685119991459468,0.624942694609116
2010-06-18,0.04642260081410263,-0.03872251909092114,0.40248236171212287,-0.013026120430654056
2010-06-21,-0.36781338179309286,1.1917039087739463,1.460346568782474,-0.5140499968202309
2010-06-22,-1.9068482810052034,-0.20901201378244605,-0.333410032926097,-0.5543611373041587
2010-06-23,-0.6732789483271762,-0.685289006853781,-1.7272632944629325,0.0799289332182454
2010-06-24,-1.6939557060878245,-1.440898629003006,-0.24534767179951236,0.12458195379860168
2010-06-25,0.1060594570201541,-0.37703093898436646,0.8187321638637517,0.09721142447510478
2010-06-28,-0.0433508651167224,1.3303283485211697,-0.10856645704504557,-0.6330481259864478
2010-06-29,-3.4868099105976436,-3.293351301078822,-2.421135929537308,-0.8503757531250868
2010-06-30,-1.365196851078503,0.6728717139663858,0.17620450811203126,0.05182389590488018
2010-07-01,-0.5881701725841124,-1.4924892487987675,0.2694559223042242,2.0750084332898413
2010-07-02,-0.1515957502234757,-0.19169127444845968,1.2242612856347317,0.24965007613953538
2010-07-07,3.0709274353761042,1.0316301268438886,-0.03133212252995943,-0.03245562687806687
2010-07-08,1.40392955791959,-0.04012361463281067,-0.7254863565139031,0.9738618905783432
2010-07-09,0.8011031690349012,0.3561143260366319,0.05869696325614837,-0.34817803447436346
2010-07-12,0.08589347253271212,0.004777037134955503,1.0671392082965845,-0.2933872892379757
2010-07-13,1.4772462242975417,1.8309730707433844,0.9600357558177851,1.1310400145385189
2010-07-14,0.09980251469363083,0.18691305051121224,0.20422185391592582,0.17848880485255375
2010-07-15,0.05127940375667417,-0.9237170279481814,0.34177168026784494,1.4262828396963845
2010-07-16,-2.6899319627270115,-1.7253309676534108,-0.8987315853200868,-0.029363661440871363
2010-07-19,0.18069143506187846,0.1163468802997436,0.83025389772342,-0.2856506253627538
2010-07-20,1.3074897344811856,-0.8728355368191572,-1.0194945128517374,-0.3078336060774375
2010-07-21,-1.0590502047786838,-0.038042697326228225,1.9349152774358582,-0.8111167710474307
2010-07-22,1.857828036081795,2.800425080599299,2.188254506546548,0.8756998149393415
2010-07-23,1.0079364309252554,0.15002458294223275,0.021957626888553378,0.3481472684316961
2010-07-26,1.206065088187316,0.2944025112729499,1.2624250220433304,0.6843378776370082
2010-07-27,0.10377737723871217,0.04324449063822122,-0.6442454012753136,0.2280153402901862
2010-07-28,-0.7967533528140458,-0.40348449765111205,-0.420327560195137,-0.15566294144571205
2010-07-29,-0.5589707856893126,-0.5824321365867932,0.6833843673509772,0.606528840354533
2010-07-30,0.04787553016498086,0.364329855415768,-0.2592409613097464,-0.31223741783964787
2010-08-02,2.079846716337738,2.3077942149376134,2.7581102277516303,0.9516133772016948
2010-08-03,-0.24825824499428356,0.013325202670380148,-0.040784695699597334,0.5612131721876825
2010-08-04,0.45870935252280454,0.572598860211952,0.5333023846725913,-0.6866077354411907
2010-08-05,-0.12528890426161188,-0.1473384827020629,-0.33820239935879765,0.3456542534451331
2010-08-06,-0.43702440394639164,-1.1103420130694635,0.12763361646371338,0.6705664087035451
2010-08-09,0.6490873104685733,1.5517999949166146,-0.7799494024331781,-0.47183813026956656
2010-08-10,-0.7892639799468729,-1.116868357524651,-1.5247668279388604,-0.36702803008159485
2010-08-11,-2.952442244221819,-2.1111030721491106,-1.3594332396982185,-2.568977518207023
2010-08-12,-1.095058903503976,-0.0184331924721034,0.9912239119637122,-0.32026134590465627
2010-08-13,-0.5071709298162483,-0.2853849400862649,-0.4212383490188694,-0.6334106108126597
2010-08-16,-0.11464262633308375,0.009991047188399996,1.3402281821894941,0.4912637942413186
2010-08-17,1.247784708507496,1.637099660777963,0.5008914999075844,0.41802136178063853
2010-08-18,0.1810560243879835,-0.45882851472116726,-0.6361984753413504,-0.13999350094273147
2010-08-19,-1.7054450070169838,-1.9069170535094258,-0.6798650726506451,-0.2385211727050506
2010-08-20,-0.5446029823259064,-0.8847118543882566,-0.4924203658386869,-0.9971922091293803
2010-08-23,-0.4414389768272884,-0.0010267660503162773,0.8446972289432703,-0.44540565736366566
2010-08-24,-1.6108961375536641,-1.1849320708941997,-2.0666414253078753,-0.16031709782115677
2010-08-25,0.08498013655006276,-0.36167843314710824,-0.530140907375782,0.0552086400136762
2010-08-26,-0.6635759004443034,0.10643765618207199,0.1658414180306491,0.4823495756630054
2010-08-27,1.4524841848843821,0.934875456315461,1.5005087146867289,0.16197120130182877
2010-08-30,-1.2137879657784874,-0.9769055781453257,-0.9194486207867665,-0.5453205753493898
2010-08-31,-0.292273044557085,0.46906543173510107,1.0384916997584348,0.01932035472609106
2010-09-01,2.8797891926155605,2.6898873025291925,1.0002522128930018,0.8693506582974371
2010-09-02,1.1799787361845369,-0.4442441380906982,-0.09916675909876976,0.44915777862873946
2010-09-03,1.4797080386021204,0.6185131057179172,0.4674374756962041,0.6858556994788905
2010-09-08,0.8116431598553424,0.5506599850086327,1.8937751184074432,0.4480008908771361
2010-09-09,0.552511418196486,0.8862865439775213,0.25953673167827634,-0.15434131438439128
2010-09-10,0.40396855269311294,-0.17685362064756543,-0.42219902213078425,-0.1425789185526853
2010-09-13,1.1538056736500242,0.5911550979099109,1.2940872532823555,1.6744348794990682
2010-09-14,0.16575120347142885,0.19147435243714733,-0.39584994027291004,0.8813906647129536
2010-09-15,0.3187911276357429,-0.0802176509668116,0.25515898981301244,0.08768996497565648
2010-09-16,0.04532717848768486,-0.2772012841350443,-0.5111505665490557,0.5237956668898897
2010-09-17,0.08039389073457233,-0.5946867929360943,-0.27281909429600404,-0.18811333692882434
2010-09-20,1.5561730473478,1.2665534144021937,0.5682625548164151,0.11889795401191647
2010-09-21,-0.15620646380067676,-0.5684182236149586,1.184258805832366,1.5974891956507813
2010-09-22,-0.39137207836721244,-0.8481135335584826,0.17468827311590607,0.9886026738181581
2010-09-23,-0.7422799937126039,-0.2054303707269378,-0.7309186020553013,-0.7494205936060866
2010-09-24,1.8667070381845818,1.9338871296617326,1.5583513145186099,1.2216168383782404
2010-09-27,-0.2984888917782126,-0.5462094977179397,-0.43735126781748757,-0.2021723614960119
2010-09-28,0.337514348697756,0.04541575458012312,-0.9986648871924115,1.0011039380635007
2010-09-29,-0.15420681796218827,-0.49094134932509476,0.3523448987987302,0.2521511997039891
2010-09-30,-0.3031694531689938,-0.21117520430283904,1.2310817156045637,0.012779500340515358
2010-10-01,0.41534619098373904,-0.19442931892627285,-0.0007182342598212876,1.1445802302894736
2010-10-04,-0.6371952931045233,-1.2532494446472346,0.7426420883238777,-0.8470681204994305
2010-10-05,1.999580556390083,1.3597354647032005,1.4422868659630592,1.1685951550823601
2010-10-06,0.2519342441279918,0.590632788635852,-0.41227608409167915,0.8486382737762075
2010-10-07,-0.3010472293971184,0.2572546356555105,-1.3041393376753259,-0.21915396956946315
2010-10-08,0.4715844595286713,0.2700648045369528,-0.6346947847979089,0.1696489227905433
2010-10-11,0.05916726619493463,0.15950320302677767,0.5250878148346736,-0.39370507136189176
2010-10-12,0.2897301677907106,-0.09449623527054461,0.18301205194913606,0.25917631341644837
2010-10-13,0.7772268001205064,1.9660944831108857,2.3956667714277713,0.369107820168006
2010-10-14,-0.44926720563791467,0.38071433211808414,-0.4320219071128847,0.8474157462052986
2010-10-15,0.08406579172404142,0.792240080854754,-0.7370898096637598,-0.9317234963607572
2010-10-18,0.5593344631538044,0.27155353334474847,0.3698949112463464,-0.15680706165932604
2010-10-19,-1.549746014777661,-0.5732189326618393,-1.4738683197213829,-1.3832393890170451
2010-10-20,0.5807021030014246,0.7312424670215462,-0.042563647710866126,1.390879567286281
2010-10-21,0.3771276781821689,1.2546103512105156,1.231581713339054,-0.21017725300957682
2010-10-22,0.07584285102714147,-0.01481172956247842,-0.26866670582885116,0.16457095338683603
2010-10-25,0.2327838375913601,0.4544372232488945,-0.03870838790020745,0.025763091257240675
2010-10-26,-0.06644322626506834,-0.39303286820666766,-0.4329158058165844,-0.6750040475316305
2010-10-27,-0.3195605028817377,-0.8049982943829849,0.4771248075573162,-0.5737147512544779
2010-10-28,0.08232061263549795,0.37071236429956594,-0.022488699201871187,1.1624954297152166
2010-10-29,-0.04394436721061779,0.22796409514611382,0.48953508236234067,0.025218042547905967
2010-11-03,0.3270677501625215,-0.5026631367148711,-0.32069576792316234,0.6248117897944976
2010-11-04,2.0559205901605107,1.6806961736332164,1.8411829258597439,0.66853307791553
2010-11-05,0.6019358322354915,0.027949355093127792,0.2627780769090885,-1.0980828749172027
2010-11-08,-0.2931183429821935,-0.269951591886199,-0.037652232824657385,-0.7094365445630484
2010-11-09,-0.9496581926373598,0.5113973721761067,1.4790983271843048,-1.0564736534658883
2010-11-10,0.11575253558610726,-0.8382968034462577,-1.1749855109755418,0.012661891280907958
2010-11-15,0.027807135166838,0.6144373024713375,-0.974519249611983,-0.7076939729380735
2010-11-16,-1.8992780577184178,-1.8866400364963394,-1.2135552851945717,-0.7351887163754234
2010-11-17,-0.18258163669656313,0.7402680506654025,0.1360955045974663,0.2086745072566329
2010-11-18,1.4306380545330573,2.0345372728071602,0.36670709864758394,0.7687786861689517
2010-11-19,0.3191489917279178,0.023438076139965652,-1.3669304334156356,0.28013602329496856
2010-11-22,-0.1935081636449641,-0.3587583637670472,-0.4455422974381035,-0.3631538872053756
2010-11-23,-1.5061958938377389,-1.7553242754128435,-0.2501801856241441,-1.7999198370828438
2010-11-24,1.2486394092542226,1.7963586904724995,1.183734133457329,-0.33519307459700654
2010-11-29,-0.11771092719041239,-2.500317984070977,-1.0756466783773744,-0.8491293972619336
2010-11-30,-0.46757566830235764,-0.4137437865007216,-0.3205113986316822,-0.7716518686353436
2010-12-01,1.9170904911229343,2.6745174347260847,2.308017245695481,1.0656134862744358
2010-12-02,1.4459257929785598,1.1220482372691347,0.3918093673109263,0.8129340489147819
2010-12-03,0.36055473803135496,-0.28450440709756786,0.9819799320675793,1.5684311730552072
2010-12-06,0.04381799099494979,0.20769750540181425,1.2796657923761656,-0.8406162355716195
2010-12-07,-0.04697227519332092,0.6608914663604768,0.8236568007162944,-0.2901674345105846
2010-12-08,0.23918240367189247,-0.3510012275923564,0.08308684212523182,-0.031005114400874573
2010-12-09,0.46779204087946546,-0.29487026314961606,-0.328764829722985,-0.12092042934008346
2010-12-10,0.6367862500553547,0.4628306444476087,0.1550374926834469,0.007997863231462843
2010-12-13,0.0027247977712871437,0.21993581704501614,0.20800956112683594,1.2665614874888158
2010-12-14,0.09760195975414221,0.14459935144371097,0.22832641266714815,-0.17249363438654158
2010-12-15,-0.5310628728593393,-0.18131860670843622,0.47957723048382495,-1.1810839610664374
2010-12-16,0.41919946854212176,0.11639247535083884,-0.9400672577901417,0.1484706114995433
2010-12-17,0.12720821740211813,-0.7519193268212002,-0.0010698555197181658,-0.3156484587740823
2010-12-20,0.29152413304385805,0.40882902293170753,-0.6742718243786878,-0.4470162291339518
2010-12-21,0.48032804623206493,0.7517658627318649,1.125187299074947,-0.1190344307752032
2010-12-22,0.32399435590777076,-0.22868506453322374,-0.0561818455003392,0.0857767250652204
2010-12-23,-0.11798397213328232,-0.240443480378723,-0.08397235389485155,0.11139365139575017
2010-12-28,0.024818474367010034,0.06353559015562638,-0.5106964637360997,-0.43675115252246494
2010-12-29,0.02499341249526095,0.2658965758093569,1.218483823242385,0.8481670334039481
2010-12-30,-0.12244358678559153,-1.0493442738457068,-0.5955117952524507,0.48635806379262037
2011-01-04,-0.02234573375922716,-0.2038187457862749,-1.6034568703257968,-0.29732090008817685
2011-01-05,0.39050013248610776,-0.5440766054889417,-1.2804477108087038,-1.2294282943316654
2011-01-10,-0.13187389410002548,-1.6453456840562788,-1.041286824170269,0.47287322154262884
2011-01-11,0.48001844195635357,1.1772728512036947,0.40101144490350205,0.22699305878571352
2011-01-12,0.7880430911670916,1.8531640300849435,1.8648408373947285,1.1655245604090478
2011-01-13,-0.14299178139687507,0.16910354355888751,0.27763653863208604,1.6069843932716608
2011-01-14,0.7723008735268535,0.2602247700166509,-0.6910787253425345,0.12230623779954025
2011-01-19,-0.9109164458668835,-1.023812877077788,-1.5176009284423508,0.6131759978594064
2011-01-20,-0.26430401432832584,-0.5816984225407118,-0.9965792833946896,-0.1262170675298808
2011-01-21,0.25879298340019674,0.5027767238466857,0.20421413986786158,1.1677838919973464
2011-01-24,0.6047823818627031,0.1976984925589012,-0.37753270606127565,0.050379308241050594
2011-01-25,0.09118332705396003,-0.2592484766550194,-1.0874646729283364,0.37482487974410184
2011-01-26,0.39351472498835915,0.9705496772265915,0.704001843192773,0.09525777506583724
2011-01-27,0.16461327047804616,0.3928200623489145,0.40333881603749633,0.22353377269950836
2011-01-28,-1.826023319606348,-0.7311071246105214,-0.6991740781907835,-0.8735239853028861
2011-01-31,0.3702786660124561,-0.03727695315488988,0.3944509237923453,0.3636072195553215
2011-02-01,1.8635283737169028,1.335329919459879,0.6666341677913101,1.0810553070636002
2011-02-02,-0.08870591869801137,-0.2005087136758978,-0.3093696473918393,-0.026724889684587153
2011-02-03,0.1245735792978661,0.19955177394614013,0.4298350251441677,-1.3601952659873433
2011-02-04,0.19039829300340444,0.12195846828547535,0.3622266307181698,-0.1829005563279428
2011-02-07,0.582922183108207,0.8535847237408153,-0.01531582494697492,0.010287093256194181
2011-02-08,0.3684276785604177,0.4522830260489762,-0.15071894453310877,0.4149550697273532
2011-02-09,-0.2885111512034737,-0.05329493910678327,0.13941339796732719,0.6999715618386102
2011-02-10,0.03582517534995286,0.4254880963376417,-1.221498678954283,-1.0751481438842576
2011-02-11,0.3745783069124433,0.29606801650182357,0.7837820388511522,-0.2712452415832699
2011-02-14,0.251382246003301,0.2131427750609647,-0.39659006952853865,-0.3595256325828904
2011-02-15,-0.4102416533110739,-0.041788040912284025,-0.49668216729506304,0.02480697638560233
2011-02-16,0.4919254360386145,0.27957902613413993,-0.4596082471717499,0.4652244509667952
2011-02-17,0.3877952653278949,-0.21244347346680167,-1.8393928414416458,0.3807441649876888
2011-02-18,0.20145804476996948,0.21164947825522978,0.6873742511763872,0.6478694612742029
2011-02-23,-0.5844474372496958,-1.6417954977021334,0.8144836969143342,0.658391612774079
2011-02-24,0.0474415673746264,-0.7726184929177137,-0.6861126102295007,0.3310443485103478
2011-02-25,1.1176468954218488,0.7539203949979693,0.6790030372003808,-0.38659948410615325
2011-02-28,0.6160141771585863,0.9594119663231778,1.5496046239991208,0.5976336122443484
2011-03-01,-1.6019427595373534,-0.6445983928982082,-0.8526092632461307,-0.24170058657095336
2011-03-02,-0.15742508163395824,-0.24968762107576548,0.9277311787079485,0.39108168764228635
2011-03-03,1.8455928648525424,0.6182848658353867,1.955975637803178,0.7081255463795502
2011-03-04,-0.4072768761577194,-0.9455034820177781,0.5012229716480063,0.4138704299369045
2011-03-07,-0.9027666995216512,-0.05119960971521012,0.3803872938432997,-0.23283567858616208
2011-03-08,0.7040688022562777,0.23968170781844692,0.4709039278844694,-0.6120122673629993
2011-03-09,-0.028178626477969315,-0.7423346239605169,-0.6607616225210226,0.20702092977434775
2011-03-10,-1.9244195343469301,-0.9693286786060072,-0.711477973232509,-0.7669745771269951
2011-03-11,0.3313977904862337,-0.8206998241053177,0.002019708768307371,0.5032919470184396
2011-03-14,-0.2984210047871533,-1.8609563676429708,0.04232794627995845,0.7963373302002856
2011-03-15,-1.0013852414076978,-3.1276207658330804,-0.29182001182488393,-0.20792221367632377
2011-03-16,-1.8059507300757458,-2.0140231367478054,-1.2446515465318435,-0.40221576421857375
2011-03-17,1.101727693754559,2.472670592461495,1.8697894003333457,0.542754592382697
2011-03-18,0.4574444948785263,0.049311078190836855,0.78066163077654,1.2086982712620986
2011-03-21,1.6281274692483756,2.297041261418439,0.42687367345308175,0.2112521267361698
2011-03-22,-0.37825632663167197,-0.693102478759191,-0.9730769116306462,-0.09449985741872746
2011-03-23,0.20844124354618088,0.3697558184717917,0.07672599771095204,-0.6546130477065273
2011-03-24,0.8551050454651727,1.765271463277921,0.4916987433298041,0.6249384005859818
2011-03-25,0.25428919302691694,0.16539964619797987,1.141078159021173,-0.6825885973021272
2011-03-28,-0.2908677181348094,-0.23376239921394631,0.5727913297409218,0.07557199148598877
2011-03-29,0.6353875349811007,0.016289435488895804,-0.3099242941229383,0.14743637491808917
2011-03-30,0.7779281210148541,1.5802659530390306,-0.4978621941731932,0.2218689430799619
2011-03-31,-0.33778528233141913,-0.2459455300525734,0.3975631927441183,0.3154142192324727
2011-04-01,0.4834872506334693,2.029351179302581,2.1974227102444757,0.38079890482716583
2011-04-04,-0.08375289609881668,0.05333016787155541,0.4072399640433115,-0.18566488522890492
2011-04-05,-0.04585614639980365,-0.019086052024073156,0.08136143231647194,0.019265265383989115
2011-04-06,0.1743184527120809,0.5652137528877844,1.5583743597621875,0.7717695951440858
2011-04-07,-0.1236687862003614,-0.3983705438321879,0.12444466205039546,-0.23436542628317045
2011-04-08,-0.4152509319074409,0.5162866754520138,-0.8291732172554405,1.255705697641804
2011-04-11,-0.41678964330836177,0.11693085051999019,0.2852279138573655,-0.5806478212450894
2011-04-12,-0.8769326917694215,-1.3961562694155518,-0.4911962100696441,0.2924696905986983
2011-04-13,0.02157161066832997,1.1760323775386567,1.2032437757132683,-0.3365391331153586
2011-04-14,-0.16115513316721242,-0.3623568048930451,-0.38446144032533336,0.2636537365285274
2011-04-15,0.41798329431657316,0.4367114268275212,0.3243783788629567,-0.3946433914146207
2011-04-18,-1.1484920307200353,-2.2340481263223095,-1.5199769556456197,-1.3397599781332963
2011-04-19,0.45409125079325807,0.12125426540239326,0.6125197171486626,0.7514925323856048
2011-04-20,1.4618635560968052,2.8953849792973623,1.2317898399437315,1.3482651321223653
2011-04-21,0.48083906634996154,0.6936546933904828,-0.5913541206788642,0.15466704927244765
2011-04-27,0.5958722453503957,0.5872077927263412,-0.3907062186151963,0.8613333341542446
2011-04-28,0.39894734743001786,0.9273345583980114,0.44117448524684527,0.34075430506062926
2011-04-29,0.16915271373011487,0.5599713244521519,-0.6043661321607263,-0.1404119565865473
2011-05-02,-0.2725157692737685,0.13913400244868723,0.23618569752699042,0.09821246634115623
2011-05-05,-0.9993438517319023,0.1238479762972985,-0.5682976945230435,-2.0126044609042997
2011-05-06,-0.015883220167859147,1.57130121221629,0.5697887179889726,-1.593097154899849
2011-05-09,0.16750680154681147,-1.2396527106528379,-0.9684214099470078,0.3521485165166536
2011-05-10,0.996158781467228,1.0279899304550726,0.963233891953319,0.4900444782892991
2011-05-11,-1.102143379373258,-0.13477939409930179,-0.41818016289788523,-1.448235995814125
2011-05-12,0.10863713350859733,-0.5604848534291328,-0.636415122769638,0.20724983600001484
2011-05-13,-0.6626344304533605,-0.7102811302006844,-0.44400842770323107,-0.7822200060412247
2011-05-16,-0.8244777943981262,-0.13816350129649252,1.023773047895247,0.25132572583968454
2011-05-17,-0.12894890344370438,-1.5836420325321447,-1.2153735499902434,0.40752957544745994
2011-05-18,1.0734649989548255,0.5501378590666843,0.47143116314478806,0.1577932540246838
2011-05-19,0.29328867757970684,0.591451739185715,-0.17575490835816066,0.5077286804652527
2011-05-20,-0.848094062550804,-1.1966998110534104,0.3280968526531229,-1.1005406960366853
2011-05-23,-1.2902406293450812,-2.023713251213061,-0.2935057486907564,-0.7731228778850262
2011-05-24,-0.15721134430998612,0.4734489205240428,0.408765069857133,0.3616303574685896
2011-05-25,0.23750746495689332,0.3937183555135499,1.1517352898780466,-0.22840399232393807
2011-05-26,0.4000122223226008,-0.8525952444905334,0.12639880244377755,0.4254437184229992
2011-05-27,0.5886605050991169,0.5699899703354607,0.24941945010558966,1.3675102894333004
2011-06-01,-2.2567134320005344,-0.9459470497644924,-0.07047019556303202,-0.5301387440476145
2011-06-02,-0.5248336295814415,-1.5179825662155968,0.32144602600447325,0.8018835289632391
2011-06-03,-0.6871215213496241,0.49077361813625026,-0.5632061169349877,1.0156744569435576
2011-06-06,-1.3360017769738997,0.07204078803205438,-0.23450431288116813,-0.6951054529834727
2011-06-07,-0.35608662634156246,0.47864530192905064,1.1919579591054856,0.5975315921487476
2011-06-08,-0.4350105680901953,-0.4533348510767077,-0.28419522188408003,-0.8439744256766162
2011-06-09,0.6260004868199147,1.3750749683257586,-0.34388597255088577,-0.4365665519162539
2011-06-10,-1.5417890363041238,-1.3968627605012929,-0.6991055912209015,-1.0813544185145676
2011-06-13,-0.1894783840679436,0.3559936846429048,0.485944126906108,0.37094050386344113
2011-06-14,1.2353009362926022,1.7369482744742897,0.7663585960936345,0.14168362623897457
2011-06-15,-1.743301026983009,-1.4141794166836008,-0.5082817950991648,-1.8653869306042714
2011-06-16,-0.20585013055414075,0.07748883804782733,0.28261867476348485,0.27314757745835866
2011-06-17,0.33137206909971945,0.7477622136547976,0.5522911719252462,0.6498938041689492
2011-06-20,0.5169039074317574,-0.12379627131803271,-1.7693979581296932,-0.050781393054885625
2011-06-21,1.3728466297786925,1.6901906047279895,0.1296745418361281,0.7293694122496036
2011-06-22,-0.6246539890954864,-0.2206846428314312,-1.1498497175306637,-0.40549785713032355
2011-06-27,0.6874764403501166,-0.08632411488290453,-0.32746601322588487,0.6010709683799708
2011-06-28,1.4944048739855065,0.691512858071892,-0.42306383820734594,0.6746922940036506
2011-06-29,0.9586793228006756,1.5033758990151231,0.8367125592946636,0.580462786132809
2011-06-30,0.9590956854047784,1.113459135175162,-0.3166590557527526,0.3895839591781094
2011-07-01,1.455109616307127,0.44978901985818376,0.28096695478568057,0.29420306413840325
2011-07-06,0.29968758103175114,-0.40927887007839414,-0.9885994177435764,-0.5522849326277284
2011-07-07,0.9572037136890983,0.4127063687286305,0.9792546391944761,0.35782617593284677
2011-07-08,-0.5507644567579155,-1.1044466082381847,-1.0572317083452474,-0.5228070572928195
2011-07-11,-1.9567785530337691,-2.3288186620492275,-1.7127775628100979,-1.570978830127898
2011-07-12,-0.6960555874521299,-0.6802365374163338,-0.09498502287435384,-0.6103254163962644
2011-07-13,0.23860174556588742,1.293341604429607,1.0921786544193437,1.8810781745621834
2011-07-14,-0.668389489593745,-0.4738476059339239,-0.6443291548983767,-0.8169265903248445
2011-07-15,0.4079392626720889,0.11651536755976219,0.3131024073486202,0.04657184688410663
2011-07-18,-0.7425257276256108,-1.6906598191717512,-2.7262734028815268,-0.30221372430345855
2011-07-19,1.51904668185919,1.1959158791616233,0.16901449139595037,0.3083972390111818
2011-07-20,0.0878504738195458,0.10898233849036976,0.22704156901803296,0.6453534428263648
2011-07-21,1.282128946520695,1.06598631091149,1.447796495301607,1.3096503211756858
2011-07-22,0.3337372718497857,0.3975417351687067,0.35189665940273973,-0.36394270722131783
2011-07-25,-0.6747170481867235,0.22784832829448193,-0.22721413252714712,0.15023532668682488
2011-07-26,-0.6048495029065201,0.2560379484197059,-0.3235362027543677,0.806831380449287
2011-07-27,-2.1351863933148034,-1.1031801391501412,-1.0545230258662932,-1.1757292301950044
2011-07-28,-0.7095632147848269,-0.5516037261365554,1.552539188032246,-0.5057180183652624
2011-07-29,-0.6172333696894867,-0.42814241285794613,0.31451910081977186,0.5271891415365327
2011-08-01,-0.4848798645480065,-2.6975136967508844,-0.7264253869949652,-1.1431581267746518
2011-08-02,-2.406190396911233,-2.5379935033364984,-1.4855740390052259,-0.2658244613777717
2011-08-03,0.17449223130012892,-1.8821905360701994,-2.90332242344808,0.9105741866733712
2011-08-04,-4.5268882800563714,-3.6957151253929834,-4.085247391472364,-1.7900261294794844
2011-08-05,-0.8685484793638902,-2.0578397142624225,-0.8576118394029048,0.7791954125044795
2011-08-08,-6.5064322515991355,-5.234233029975092,-2.669794963345399,-0.7436301079117584
2011-08-09,3.7669676763856836,1.2063099093995335,-2.1081962785341313,0.7392927162834028
2011-08-10,-3.5764609258948696,-6.3897712170379535,-6.574358248024971,-0.9252080228227343
2011-08-11,4.018329543644524,3.7510159218043153,4.8639929579266346,0.1417055502116516
2011-08-12,1.1338742151910766,2.576706998724582,1.1008885941117212,0.6660834538563621
2011-08-17,-0.26119218221514584,-0.5900482636462908,0.294675884446116,0.04146358387346333
2011-08-18,-4.462610548044167,-6.057109012884312,-6.040229234004006,-0.6698554882416615
2011-08-19,-1.8839183189981479,-1.6523917380221385,0.5017164375802423,0.10376151602147449
2011-08-22,0.02911422384916227,0.17996459435789836,2.4979017502757017,-0.44319957733002435
2011-08-23,3.402026065144797,1.059584459045717,-0.09218070932854214,0.5822363366430654
2011-08-24,1.8359316831296593,1.8947227583111896,-0.5808541000311357,0.28250329416768916
2011-08-25,-1.7277372490260197,-1.8687394688971801,0.5284540611909672,-0.1725840287779285
2011-08-26,1.3800997983479033,-0.569407202943808,0.2565918324300173,0.7244236287078248
2011-08-29,3.2359577423169896,1.997675963836433,1.263316336344168,0.34638984548744955
2011-08-30,0.4913097819179083,-0.9751903487730361,1.30010375025545,-0.18234094497716163
2011-08-31,0.5764355558594855,2.338225094686769,2.5100426132114846,-0.29621068304523346
2011-09-01,-1.4365901365639184,-0.87313330699634,-1.213044655547931,-0.8728851029469796
2011-09-02,-2.8220741988099,-3.28281590383331,-2.104559207146199,-0.48907044859996573
2011-09-07,2.6390603370662236,4.327190125554901,3.6716601476426955,0.399717148425242
2011-09-08,-0.9400043800121798,-0.24606434585332343,-0.2837309366339171,-1.2792670500863843
2011-09-09,-3.0880114854912892,-3.9990684596544064,-4.746627730777051,-1.536254937000656
2011-09-12,0.41585403975243984,-2.142640478662125,-2.9067379097995505,-0.3341888141066155
2011-09-13,1.2256213737645276,1.3977251013079237,0.16933400298237078,0.3872885952597871
2011-09-14,1.2538131427051609,3.2468759179036164,0.6689113610424676,0.4823281878510102
2011-09-15,1.5233961535613791,3.078445667387904,3.32638673308663,0.9873026234918547
2011-09-16,0.6154649335660587,1.1481034028273662,0.6851772511159225,-0.5759499492243154
2011-09-19,-1.1007641701474786,-2.9789522973379348,-1.465875133970924,-0.8240093492118602
2011-09-20,-0.11683758010089798,2.745027392011692,0.9043167010912145,0.26113628277540907
2011-09-21,-3.416641392459851,-2.184523086698047,0.5521721854276935,-1.0753965660229023
2011-09-22,-3.5965709104788566,-4.577748406926613,-6.976473371621113,-1.2811128604020485
2011-09-23,0.3114437608064775,0.8519445071843679,-0.9876525887005982,0.0708475806176097
2011-09-26,2.29248952325761,2.7400763552870298,0.5626220869609355,0.2366069119814535
2011-09-27,1.1326385294452486,4.808542036616568,3.8517991008222303,0.6338262730955393
2011-09-28,-2.4841418948932925,-0.6339326538100264,-0.5483876223101696,-0.6160827841307366
2011-09-29,0.3989448575721651,1.5188057173431253,0.7574373440968458,0.137681039891627
2011-09-30,-2.5171914642965842,-2.5367068320923183,-0.04508922161427222,-1.4157350742245645
2011-10-03,-3.203704018409469,-1.9849173714954427,-1.479062447017293,-1.6791563733676638
2011-10-04,1.7452769716986132,-2.6290662745372497,-2.204873424621627,0.8354977067755885
2011-10-05,2.6100324394186516,4.03834378169519,1.6816309487971006,0.5671469956467874
2011-10-06,1.5454086615319833,3.0725598601136483,1.4906452303067312,0.5944398632680444
2011-10-07,-0.8420830772280391,0.3992285603228286,0.7205087281051414,-0.30365806599056694
2011-10-10,3.0665839690982417,3.2193538288946852,3.7156349799012562,1.7607782646221986
2011-10-11,0.5256322956412129,-0.07736482892107199,-0.5379569295342218,0.3692888031861724
2011-10-12,0.9030766018392071,2.2076185695649895,2.4424952841999676,0.8966212943681592
2011-10-13,-0.30627457923374607,-1.2702558998512514,-1.8248916526382846,-0.06784031082676975
2011-10-14,1.7463219277191577,0.822279579924329,1.138368762170722,0.793693934113123
2011-10-17,-1.6729638760114722,-2.099376139098775,-0.8902968342917308,-0.8517896298623409
2011-10-18,1.7394389921369895,0.5599433859434935,0.45582447548031646,-0.1755012272670507
2011-10-19,-0.9397105708762741,0.09926581943510093,-0.11130422026670256,0.522055228149382
2011-10-20,0.0868771012646467,-2.0925794254055994,-2.8208944178255235,-0.1670333379433424
2011-10-21,2.17898946954241,3.1229472761725368,3.2302971321794374,1.0557078492459697
2011-10-24,1.3044783850426707,1.3491026398105188,2.8618891468827434,0.32227140315723135
2011-10-25,-1.8953627446935286,-0.28894077388061346,-0.8941806991855916,-0.03442300534243409
2011-10-26,0.5699335440662543,-0.0020767417499585328,0.07809027385693346,-0.45885915044370207
2011-10-27,3.597679546099413,4.874049560931456,2.8579541464910543,2.282046711971582
2011-10-28,0.20082533473731354,-0.0562902639149121,-0.4135694871287132,-0.15177837001709354
2011-10-31,-2.5829561227094677,-3.3083603402566517,-1.5350387356148498,-2.1733558961171107
2011-11-03,1.5610710713099119,2.9065524947414767,2.0808429332318217,0.6222802412385846
2011-11-04,-0.574957255220068,-2.920100819096616,-1.5391148315301684,-0.14223999945452115
2011-11-07,0.7838694260744348,-0.7323089259467843,0.6822853014525734,-0.11728803120361299
2011-11-08,1.3545054381076371,0.32733771478187373,0.5349282427147091,0.6324158622250042
2011-11-09,-3.564301603610499,-2.43708152172875,-3.6275683564173336,-2.0976332343482125
2011-11-10,0.0943177981812322,1.1729860484546588,-0.5561927079535012,0.23699441840175278
2011-11-15,0.5310638425157861,-0.9896297439908543,-0.6979659388993645,-0.668001603227924
2011-11-16,-1.5626695259053807,-0.6183106443950867,1.1038722897265618,-0.34157411464966714
2011-11-17,-2.032242751590884,-0.684301749365544,-1.1559018196415258,-0.12917103831612964
2011-11-18,-0.3220126703615264,-0.49785783385822957,-2.085744066891496,0.15196178908058083
2011-11-21,-1.854912271658982,-3.450811162028759,-2.7586411821570014,-0.3017433016635964
2011-11-22,-0.4648955896464366,-1.073468138359274,0.14929236926833503,0.10622008870909332
2011-11-23,-2.168968142289456,-1.4052567191240763,-1.7071825944987504,-1.2731456008648543
2011-11-28,2.440282711553505,4.810647441706541,2.5968324265896205,0.3261176418839423
2011-11-29,0.2459965839233091,0.6433519731783836,-1.4876173998525994,0.3188802470259232
2011-11-30,4.078942791099941,4.88023300284976,4.730759802920466,0.7473382919725594
2011-12-01,0.15801936481536072,-1.4422794127167524,-1.3380372984523976,0.5491164935893627
2011-12-02,-0.002572216701163997,0.7256649454395889,-0.35504612814042946,-0.5189706053245071
2011-12-05,0.8252999085650583,0.4263668413386528,1.6189023347887144,0.0009629103632264983
2011-12-06,0.2694954908524117,-1.481470666343262,-2.296111407298708,0.21002162254449952
2011-12-07,0.2975658813739634,-0.72525200667511,0.30485692038134643,0.17599834065690806
2011-12-08,-2.0335582079310313,-2.1019504785328107,-1.9006843480327094,-0.47523246355989923
2011-12-09,1.3821567380613158,2.21646580384531,0.9771000295708991,0.06934964476323321
2011-12-12,-1.4247771565364928,-3.6644229172739324,-2.528556667343741,-1.4910427613766846
2011-12-13,-0.9315808808802011,-0.2885060836647835,0.6101660787982512,-0.9577883812007068
2011-12-14,-1.3901324215581419,-1.6129481940082382,-0.33570822816306173,-0.4611088816143327
2011-12-15,0.24410366963895952,1.0889931048782058,-0.4387533890524724,0.2214368707194452
2011-12-16,0.21130658347567077,-0.4819606649112945,-2.0980571509076875,0.12212818407296197
2011-12-19,-1.1385023814159076,-0.6833954461701457,-0.648340489684306,-0.3049812249220747
2011-12-20,2.6915748739570873,3.293027729229029,1.713700727191163,0.49119360764189846
2011-12-21,0.4170697293690383,-1.3902064223777209,0.5762999617421276,-0.020701928187886298
2011-12-22,0.9636351109233778,0.898167209446787,-0.40809295425784065,0.18364430769592371
2011-12-23,0.8725886146020059,0.3267611512215071,0.8672971647606131,-0.011505444180780436
2011-12-28,-1.152254355397128,-2.223922611852952,-1.2537624195326509,-0.8727630843119368
2011-12-29,0.9429779895268575,1.377240483880454,0.8084381408432075,0.07876708837742788
2011-12-30,-0.41234703677029527,0.6957988473201618,-0.9026324541216348,0.1571587688477162
